waktu,real,predicted (rbf),predicted (linear),real label,predicted (rbf) label,predicted (linear) label
25/01/2019 01:50:00,1013.3,1012.8006790656566,1008.6126477655996,Normal,Normal,Normal
25/01/2019 02:00:00,1013.4,1012.6921003185162,1008.6036081698765,Normal,Normal,Normal
25/01/2019 02:10:00,1013.4,1012.5354793486584,1008.5966661659111,Normal,Normal,Normal
25/01/2019 02:20:00,1013.4,1012.3176469450069,1008.5839374077548,Normal,Normal,Normal
25/01/2019 02:30:00,1013.5,1012.1005727366606,1008.5823241540272,Normal,Normal,Normal
25/01/2019 02:40:00,1013.3,1011.9056715065853,1008.575085685872,Normal,Normal,Normal
25/01/2019 02:50:00,1013.2,1011.7296337965014,1008.5713221666444,Normal,Normal,Normal
25/01/2019 03:00:00,1013.3,1011.6052308334936,1008.5700603791554,Normal,Normal,Normal
25/01/2019 03:10:00,1013.4,1011.527800343556,1008.5676127367694,Normal,Normal,Normal
25/01/2019 03:20:00,1013.3,1011.4744864301167,1008.5753695436795,Normal,Normal,Normal
25/01/2019 03:30:00,1013.3,1011.4624354210196,1008.5758547217627,Normal,Normal,Normal
25/01/2019 03:40:00,1013.2,1011.4449736547651,1008.5727979683359,Normal,Normal,Normal
25/01/2019 03:50:00,1013.2,1011.4740497427205,1008.5678377238144,Normal,Normal,Normal
25/01/2019 04:00:00,1013.1,1011.5121036928672,1008.5765007224907,Normal,Normal,Normal
25/01/2019 04:10:00,1012.9,1011.5455201622092,1008.5750187628944,Normal,Normal,Normal
25/01/2019 04:20:00,1012.8,1011.6454717525368,1008.5803286221851,Normal,Normal,Normal
25/01/2019 04:30:00,1012.5,1011.6930867034373,1008.5816590593238,Normal,Normal,Normal
25/01/2019 04:40:00,1012.3,1011.6512371159472,1008.5880190257956,Normal,Normal,Normal
25/01/2019 04:50:00,1012.1,1011.6358515180366,1008.5999390178401,Normal,Normal,Normal
25/01/2019 05:00:00,1011.8,1011.6305975357637,1008.6081300557632,Normal,Normal,Normal
25/01/2019 05:10:00,1011.7,1011.512379625436,1008.6249260709662,Normal,Normal,Normal
25/01/2019 05:20:00,1011.5,1011.4491660532653,1008.6393997755874,Normal,Normal,Normal
25/01/2019 05:30:00,1011.2,1011.3071355265523,1008.6531732057263,Normal,Normal,Normal
25/01/2019 05:40:00,1011.0,1011.086352727614,1008.6706360851456,Normal,Normal,Normal
25/01/2019 05:50:00,1010.8,1010.8929445710894,1008.6829467129935,Normal,Normal,Normal
25/01/2019 06:00:00,1010.7,1010.7187292970668,1008.6990860917647,Normal,Normal,Normal
25/01/2019 06:10:00,1010.6,1010.6327141744201,1008.7193173405756,Normal,Normal,Normal
25/01/2019 06:20:00,1010.5,1010.5273877272595,1008.7339915310074,Normal,Normal,Normal
25/01/2019 06:30:00,1010.4,1010.405370064858,1008.7475230519701,Normal,Normal,Normal
25/01/2019 06:40:00,1010.3,1010.2957559009668,1008.7572481197346,Normal,Normal,Normal
25/01/2019 06:50:00,1010.2,1010.1832692130354,1008.7677672703792,Normal,Normal,Normal
25/01/2019 07:00:00,1010.1,1010.0871346554829,1008.7766374473501,Normal,Normal,Normal
25/01/2019 07:10:00,1009.9,1009.9982319300658,1008.7860103839118,Normal,Normal,Normal
25/01/2019 07:20:00,1009.7,1009.792311326561,1008.793132112645,Normal,Normal,Normal
25/01/2019 07:30:00,1009.7,1009.5923958562039,1008.8018846021075,Normal,Normal,Normal
25/01/2019 07:40:00,1009.6,1009.6028556269935,1008.811806117468,Normal,Normal,Normal
25/01/2019 07:50:00,1009.5,1009.4952674951354,1008.8228728448082,Normal,Normal,Normal
25/01/2019 08:00:00,1009.4,1009.4019520696232,1008.8343901255209,Normal,Normal,Normal
25/01/2019 08:10:00,1009.5,1009.3057590353621,1008.8372066405643,Normal,Normal,Normal
25/01/2019 08:20:00,1009.5,1009.4297952688299,1008.8475804229308,Normal,Normal,Normal
25/01/2019 08:30:00,1009.6,1009.4481971963356,1008.853151432522,Normal,Normal,Normal
25/01/2019 08:40:00,1009.5,1009.5842540949504,1008.8611021761824,Normal,Normal,Normal
25/01/2019 08:50:00,1009.4,1009.4706391800515,1008.8548333489377,Normal,Normal,Normal
25/01/2019 09:00:00,1009.4,1009.365452539541,1008.8589026828338,Normal,Normal,Normal
25/01/2019 09:10:00,1009.4,1009.357740253151,1008.8560314619024,Normal,Normal,Normal
25/01/2019 09:20:00,1009.4,1009.3683853900222,1008.8631385930855,Normal,Normal,Normal
25/01/2019 09:30:00,1009.4,1009.3679492582888,1008.8657003914047,Normal,Normal,Normal
25/01/2019 09:40:00,1009.5,1009.3840326598504,1008.8663551540155,Normal,Normal,Normal
25/01/2019 09:50:00,1009.6,1009.4932303079158,1008.8663182363887,Normal,Normal,Normal
25/01/2019 10:00:00,1009.7,1009.6252277492459,1008.8668047816534,Normal,Normal,Normal
25/01/2019 10:10:00,1009.8,1009.7429245779351,1008.8663808380295,Normal,Normal,Normal
25/01/2019 10:20:00,1009.9,1009.8577811688042,1008.8607936420519,Normal,Normal,Normal
25/01/2019 10:30:00,1009.9,1009.9705365814899,1008.8559747890611,Normal,Normal,Normal
25/01/2019 10:40:00,1010.0,1009.9640236498731,1008.8492541101803,Normal,Normal,Normal
25/01/2019 10:50:00,1010.2,1010.0710019170846,1008.8446825587232,Normal,Normal,Normal
25/01/2019 11:00:00,1010.2,1010.2872714903696,1008.8383581538726,Normal,Normal,Normal
25/01/2019 11:10:00,1010.3,1010.284611060516,1008.8339180790861,Normal,Normal,Normal
25/01/2019 11:20:00,1010.4,1010.3918618221655,1008.8270590578247,Normal,Normal,Normal
25/01/2019 11:30:00,1010.4,1010.4893665527158,1008.8156967286993,Normal,Normal,Normal
25/01/2019 11:40:00,1010.5,1010.4755395309978,1008.8130263642449,Normal,Normal,Normal
25/01/2019 11:50:00,1010.6,1010.5909538546443,1008.8067291242112,Normal,Normal,Normal
25/01/2019 12:00:00,1010.7,1010.6787348328195,1008.8000564270694,Normal,Normal,Normal
25/01/2019 12:10:00,1011.0,1010.7794262125745,1008.7967053850223,Normal,Normal,Normal
25/01/2019 12:20:00,1011.1,1011.112869952005,1008.7911928159226,Normal,Normal,Normal
25/01/2019 12:30:00,1011.3,1011.1956408627193,1008.7809204713483,Normal,Normal,Normal
25/01/2019 12:40:00,1011.4,1011.4033896715379,1008.7741346613545,Normal,Normal,Normal
25/01/2019 12:50:00,1011.5,1011.5004438818966,1008.7565475695808,Normal,Normal,Normal
25/01/2019 13:00:00,1011.7,1011.5898233814587,1008.749988016956,Normal,Normal,Normal
25/01/2019 13:10:00,1011.9,1011.7991416401564,1008.7371328410734,Normal,Normal,Normal
25/01/2019 13:20:00,1012.0,1011.980758194844,1008.7293598496396,Normal,Normal,Normal
25/01/2019 13:30:00,1012.2,1012.0705513771155,1008.7170399458189,Normal,Normal,Normal
25/01/2019 13:40:00,1012.1,1012.2355351058211,1008.7053587858607,Normal,Normal,Normal
25/01/2019 13:50:00,1012.1,1012.1360836921002,1008.688764901184,Normal,Normal,Normal
25/01/2019 14:00:00,1012.0,1012.104074514365,1008.6833404445131,Normal,Normal,Normal
25/01/2019 14:10:00,1011.9,1011.9657235583192,1008.6702662569512,Normal,Normal,Normal
25/01/2019 14:20:00,1011.8,1011.8386327223451,1008.6737643380691,Normal,Normal,Normal
25/01/2019 14:30:00,1011.7,1011.7094380337778,1008.6700524141122,Normal,Normal,Normal
25/01/2019 14:40:00,1011.8,1011.5947005505205,1008.6749200088013,Normal,Normal,Normal
25/01/2019 14:50:00,1011.9,1011.7073279942963,1008.6785768636544,Normal,Normal,Normal
25/01/2019 15:00:00,1012.0,1011.833848813327,1008.6839434665669,Normal,Normal,Normal
25/01/2019 15:10:00,1012.0,1011.9332181244273,1008.6870040048886,Normal,Normal,Normal
25/01/2019 15:20:00,1012.0,1011.9452652062229,1008.6821881526191,Normal,Normal,Normal
25/01/2019 15:30:00,1012.0,1011.9356710220457,1008.6796280791093,Normal,Normal,Normal
25/01/2019 15:40:00,1012.0,1011.9498765714673,1008.6761010431726,Normal,Normal,Normal
25/01/2019 15:50:00,1011.9,1011.960994630327,1008.6773468696554,Normal,Normal,Normal
25/01/2019 16:00:00,1012.0,1011.8622302767803,1008.6749704827596,Normal,Normal,Normal
25/01/2019 16:10:00,1012.0,1011.9574168365044,1008.6765264471103,Normal,Normal,Normal
25/01/2019 16:20:00,1012.1,1011.9836150428555,1008.6737821430941,Normal,Normal,Normal
25/01/2019 16:30:00,1012.1,1012.0885646352615,1008.678822937705,Normal,Normal,Normal
25/01/2019 16:40:00,1012.1,1012.0862157308414,1008.671400214829,Normal,Normal,Normal
25/01/2019 16:50:00,1012.1,1012.0885439650787,1008.6726335951168,Normal,Normal,Normal
25/01/2019 17:00:00,1012.0,1012.0855465693875,1008.6670187053312,Normal,Normal,Normal
25/01/2019 17:10:00,1011.9,1011.9768256263869,1008.6680802417029,Normal,Normal,Normal
25/01/2019 17:20:00,1011.7,1011.8496021865228,1008.666834515803,Normal,Normal,Normal
25/01/2019 17:30:00,1011.6,1011.6174959661342,1008.6676765897353,Normal,Normal,Normal
25/01/2019 17:40:00,1011.4,1011.4809243736921,1008.673506009676,Normal,Normal,Normal
25/01/2019 17:50:00,1011.2,1011.2764226574557,1008.6783861753572,Normal,Normal,Normal
25/01/2019 18:00:00,1011.1,1011.0705421798172,1008.6896765244235,Normal,Normal,Normal
25/01/2019 18:10:00,1011.0,1010.9785007384211,1008.6968292661984,Normal,Normal,Normal
25/01/2019 18:20:00,1010.8,1010.9015839011223,1008.7099058267702,Normal,Normal,Normal
25/01/2019 18:30:00,1010.7,1010.719991150242,1008.720566082098,Normal,Normal,Normal
25/01/2019 18:40:00,1010.6,1010.606350414789,1008.730885948338,Normal,Normal,Normal
25/01/2019 18:50:00,1010.5,1010.4996441256727,1008.7393276945729,Normal,Normal,Normal
25/01/2019 19:00:00,1010.4,1010.3988701417371,1008.7532975723077,Normal,Normal,Normal
25/01/2019 19:10:00,1010.4,1010.2951785892803,1008.7611897432287,Normal,Normal,Normal
25/01/2019 19:20:00,1010.3,1010.2920395281475,1008.7704882727046,Normal,Normal,Normal
25/01/2019 19:30:00,1010.0,1010.2010082584644,1008.7769484420348,Normal,Normal,Normal
25/01/2019 19:40:00,1010.3,1009.8913910722292,1008.7840234928806,Normal,Normal,Normal
25/01/2019 19:50:00,1010.3,1010.2327083486439,1008.792336213686,Normal,Normal,Normal
25/01/2019 20:00:00,1010.3,1010.2345842957553,1008.7959804658819,Normal,Normal,Normal
25/01/2019 20:10:00,1010.2,1010.2635023458463,1008.8107503124554,Normal,Normal,Normal
25/01/2019 20:20:00,1010.3,1010.1731730297738,1008.7958076515276,Normal,Normal,Normal
25/01/2019 20:30:00,1010.1,1010.2749087664523,1008.8026626811404,Normal,Normal,Normal
25/01/2019 20:40:00,1010.0,1010.0672439234456,1008.7992719591637,Normal,Normal,Normal
25/01/2019 20:50:00,1009.9,1009.9537508168388,1008.8094409530092,Normal,Normal,Normal
25/01/2019 21:00:00,1009.9,1009.8076440142072,1008.801794073828,Normal,Normal,Normal
25/01/2019 21:10:00,1009.9,1009.8301278637,1008.8162788872648,Normal,Normal,Normal
25/01/2019 21:20:00,1009.8,1009.8405974822238,1008.8180451423902,Normal,Normal,Normal
25/01/2019 21:30:00,1009.8,1009.7343130080916,1008.8242661648471,Normal,Normal,Normal
25/01/2019 21:40:00,1009.7,1009.7409897604,1008.8247420315672,Normal,Normal,Normal
25/01/2019 21:50:00,1009.8,1009.6495762440287,1008.8279278122861,Normal,Normal,Normal
25/01/2019 22:00:00,1010.0,1009.763905855859,1008.8355033614714,Normal,Normal,Normal
25/01/2019 22:10:00,1010.1,1010.0143831196243,1008.8367929321755,Normal,Normal,Normal
25/01/2019 22:20:00,1010.1,1010.1383282512797,1008.8402018838603,Normal,Normal,Normal
25/01/2019 22:30:00,1010.2,1010.1525319467946,1008.8332320743282,Normal,Normal,Normal
25/01/2019 22:40:00,1010.3,1010.2681762137629,1008.8265927203972,Normal,Normal,Normal
25/01/2019 22:50:00,1010.3,1010.3683210152797,1008.8213261787821,Normal,Normal,Normal
25/01/2019 23:00:00,1010.3,1010.3772516394118,1008.8201812555124,Normal,Normal,Normal
25/01/2019 23:10:00,1010.5,1010.361430682802,1008.8129755531479,Normal,Normal,Normal
25/01/2019 23:20:00,1010.6,1010.5709322713857,1008.8083539412398,Normal,Normal,Normal
25/01/2019 23:30:00,1010.6,1010.6791884563928,1008.804554294147,Normal,Normal,Normal
25/01/2019 23:40:00,1010.7,1010.6801066486329,1008.8010783487041,Normal,Normal,Normal
25/01/2019 23:50:00,1010.9,1010.7761769523436,1008.7902500473936,Normal,Normal,Normal
26/01/2019 00:00:00,1011.1,1010.982860585749,1008.7855300691951,Normal,Normal,Normal
26/01/2019 00:10:00,1011.3,1011.2065097702043,1008.7824352786918,Normal,Normal,Normal
26/01/2019 00:20:00,1011.4,1011.408168230273,1008.7742321410258,Normal,Normal,Normal
26/01/2019 00:30:00,1011.5,1011.4903081223946,1008.7600917660673,Normal,Normal,Normal
26/01/2019 00:40:00,1011.6,1011.5940936208362,1008.7487383608748,Normal,Normal,Normal
26/01/2019 00:50:00,1011.6,1011.6947610357199,1008.7369443302084,Normal,Normal,Normal
26/01/2019 01:00:00,1011.7,1011.689708109308,1008.7284247812856,Normal,Normal,Normal
26/01/2019 01:10:00,1011.8,1011.7789324070366,1008.7208538309712,Normal,Normal,Normal
26/01/2019 01:20:00,1011.8,1011.8700839538118,1008.7124866538722,Normal,Normal,Normal
26/01/2019 01:30:00,1011.9,1011.861716372565,1008.7076941964258,Normal,Normal,Normal
26/01/2019 01:40:00,1011.9,1011.9373067848259,1008.7007505961735,Normal,Normal,Normal
26/01/2019 01:50:00,1011.9,1011.9229531181601,1008.6931364920963,Normal,Normal,Normal
26/01/2019 02:00:00,1011.9,1011.9126643470013,1008.6913336266805,Normal,Normal,Normal
26/01/2019 02:10:00,1011.8,1011.8895414136293,1008.6853488472332,Normal,Normal,Normal
26/01/2019 02:20:00,1011.9,1011.7677692856959,1008.6837001380552,Normal,Normal,Normal
26/01/2019 02:30:00,1011.9,1011.8615475436732,1008.6840806243051,Normal,Normal,Normal
26/01/2019 02:40:00,1011.9,1011.8746882131686,1008.6824426011224,Normal,Normal,Normal
26/01/2019 02:50:00,1011.9,1011.8755444222508,1008.6855267875869,Normal,Normal,Normal
26/01/2019 03:00:00,1011.9,1011.8653171017831,1008.680154334106,Normal,Normal,Normal
26/01/2019 03:10:00,1011.9,1011.8590337600828,1008.6811732159038,Normal,Normal,Normal
26/01/2019 03:20:00,1011.7,1011.865280560764,1008.6804176990915,Normal,Normal,Normal
26/01/2019 03:30:00,1011.5,1011.6396626234574,1008.6801452872385,Normal,Normal,Normal
26/01/2019 03:40:00,1011.3,1011.3812169537167,1008.6805191350211,Normal,Normal,Normal
26/01/2019 03:50:00,1011.1,1011.1512176445837,1008.6831168451388,Normal,Normal,Normal
26/01/2019 04:00:00,1011.0,1010.9525927787992,1008.6944639024366,Normal,Normal,Normal
26/01/2019 04:10:00,1010.9,1010.8757740099908,1008.705630597942,Normal,Normal,Normal
26/01/2019 04:20:00,1010.8,1010.8033062329059,1008.7168814403046,Normal,Normal,Normal
26/01/2019 04:30:00,1010.8,1010.7160931630535,1008.7280010369648,Normal,Normal,Normal
26/01/2019 04:40:00,1010.7,1010.7041385127712,1008.7372520298738,Normal,Normal,Normal
26/01/2019 04:50:00,1010.6,1010.5918144712049,1008.7446962234606,Normal,Normal,Normal
26/01/2019 05:00:00,1010.6,1010.489576818651,1008.7534826689441,Normal,Normal,Normal
26/01/2019 05:10:00,1010.6,1010.4984289482361,1008.7582711999346,Normal,Normal,Normal
26/01/2019 05:20:00,1010.6,1010.5093976930115,1008.7659068361897,Normal,Normal,Normal
26/01/2019 05:30:00,1010.5,1010.5342318245031,1008.7720116687049,Normal,Normal,Normal
26/01/2019 05:40:00,1010.4,1010.4297092239364,1008.7729163982947,Normal,Normal,Normal
26/01/2019 05:50:00,1010.2,1010.3216419841297,1008.7748690743972,Normal,Normal,Normal
26/01/2019 06:00:00,1010.0,1010.1116258537635,1008.7768098500599,Normal,Normal,Normal
26/01/2019 06:10:00,1009.7,1009.8927633905774,1008.7845337887336,Normal,Normal,Normal
26/01/2019 06:20:00,1009.6,1009.5746655965451,1008.790407990389,Normal,Normal,Normal
26/01/2019 06:30:00,1009.5,1009.485116896505,1008.8049396139611,Normal,Normal,Normal
26/01/2019 06:40:00,1009.3,1009.3877683964355,1008.815644528069,Normal,Normal,Normal
26/01/2019 06:50:00,1009.1,1009.1906524826278,1008.8320328288753,Normal,Normal,Normal
26/01/2019 07:00:00,1008.8,1008.9975654370454,1008.8395021942486,Normal,Normal,Normal
26/01/2019 07:10:00,1008.5,1008.7134477374457,1008.8501364153851,Normal,Normal,Normal
26/01/2019 07:20:00,1008.4,1008.4282866002515,1008.8654543359805,Normal,Normal,Normal
26/01/2019 07:30:00,1008.3,1008.3175579409249,1008.8831997432787,Normal,Normal,Normal
26/01/2019 07:40:00,1008.2,1008.1928824828976,1008.9011605822523,Normal,Normal,Normal
26/01/2019 07:50:00,1008.1,1008.0953305564357,1008.918769578733,Normal,Normal,Normal
26/01/2019 08:00:00,1008.0,1007.9968422649165,1008.9277773716528,Normal,Normal,Normal
26/01/2019 08:10:00,1008.0,1007.9028651982331,1008.9379876864184,Normal,Normal,Normal
26/01/2019 08:20:00,1007.9,1007.9220465538132,1008.9488563419361,Normal,Normal,Normal
26/01/2019 08:30:00,1007.9,1007.8324453465883,1008.9573221684475,Normal,Normal,Normal
26/01/2019 08:40:00,1007.8,1007.8439579973727,1008.9659096797038,Normal,Normal,Normal
26/01/2019 08:50:00,1007.7,1007.7425648345729,1008.9678939723451,Normal,Normal,Normal
26/01/2019 09:00:00,1007.7,1007.6426509546131,1008.9758461763192,Normal,Normal,Normal
26/01/2019 09:10:00,1007.7,1007.6590580405103,1008.9783988774795,Normal,Normal,Normal
26/01/2019 09:20:00,1007.6,1007.6772533448813,1008.9856970285107,Normal,Normal,Normal
26/01/2019 09:30:00,1007.6,1007.572048557855,1008.9895528734703,Normal,Normal,Normal
26/01/2019 09:40:00,1007.7,1007.57628387516,1008.9927800421644,Normal,Normal,Normal
26/01/2019 09:50:00,1007.8,1007.717124946876,1008.9943899971474,Normal,Normal,Normal
26/01/2019 10:00:00,1007.8,1007.8569652504601,1009.0000256833662,Normal,Normal,Normal
26/01/2019 10:10:00,1007.9,1007.8613193099106,1008.9986859777052,Normal,Normal,Normal
26/01/2019 10:20:00,1008.0,1007.9778272434736,1008.9954028104473,Normal,Normal,Normal
26/01/2019 10:30:00,1008.1,1008.1020298861416,1008.9908326578368,Normal,Normal,Normal
26/01/2019 10:40:00,1008.2,1008.2166648837601,1008.9907958780457,Normal,Normal,Normal
26/01/2019 10:50:00,1008.3,1008.3125775207443,1008.983949435227,Normal,Normal,Normal
26/01/2019 11:00:00,1008.5,1008.4016425582901,1008.9779477858026,Normal,Normal,Normal
26/01/2019 11:10:00,1008.7,1008.609395898264,1008.971578653254,Normal,Normal,Normal
26/01/2019 11:20:00,1008.8,1008.8128662435292,1008.964389362656,Normal,Normal,Normal
26/01/2019 11:30:00,1008.9,1008.9081032145568,1008.9550326236565,Normal,Normal,Normal
26/01/2019 11:40:00,1009.0,1009.0006783041039,1008.942873508953,Normal,Normal,Normal
26/01/2019 11:50:00,1009.1,1009.1014741100554,1008.9311495100189,Normal,Normal,Normal
26/01/2019 12:00:00,1009.2,1009.2003629929532,1008.9234799494077,Normal,Normal,Normal
26/01/2019 12:10:00,1009.3,1009.2991496951322,1008.9151279752184,Normal,Normal,Normal
26/01/2019 12:20:00,1009.4,1009.4000644210157,1008.9064284333069,Normal,Normal,Normal
26/01/2019 12:30:00,1009.5,1009.4976179489894,1008.8978936498095,Normal,Normal,Normal
26/01/2019 12:40:00,1009.5,1009.5940363981988,1008.8900818538893,Normal,Normal,Normal
26/01/2019 12:50:00,1009.6,1009.5812772867068,1008.8814600327094,Normal,Normal,Normal
26/01/2019 13:00:00,1009.8,1009.6737030456673,1008.8754557811696,Normal,Normal,Normal
26/01/2019 13:10:00,1009.9,1009.8863968897724,1008.8688346643974,Normal,Normal,Normal
26/01/2019 13:20:00,1010.1,1009.9927065492336,1008.8646665805061,Normal,Normal,Normal
26/01/2019 13:30:00,1010.1,1010.2036428694116,1008.8569873788435,Normal,Normal,Normal
26/01/2019 13:40:00,1010.1,1010.1985429750844,1008.8432194826235,Normal,Normal,Normal
26/01/2019 13:50:00,1010.2,1010.1810452586402,1008.8369992890437,Normal,Normal,Normal
26/01/2019 14:00:00,1010.2,1010.2838912358882,1008.8266956445802,Normal,Normal,Normal
26/01/2019 14:10:00,1010.3,1010.2645700650855,1008.8240355898668,Normal,Normal,Normal
26/01/2019 14:20:00,1010.4,1010.3657973692018,1008.8207134560723,Normal,Normal,Normal
26/01/2019 14:30:00,1010.4,1010.4708614343778,1008.8136444346089,Normal,Normal,Normal
26/01/2019 14:40:00,1010.4,1010.4512532813998,1008.8095670969267,Normal,Normal,Normal
26/01/2019 14:50:00,1010.6,1010.456362865686,1008.8035364572931,Normal,Normal,Normal
26/01/2019 15:00:00,1010.6,1010.6702193827417,1008.7998309464235,Normal,Normal,Normal
26/01/2019 15:10:00,1010.7,1010.657803276367,1008.7955152274151,Normal,Normal,Normal
26/01/2019 15:20:00,1010.6,1010.7779675808771,1008.7950729218353,Normal,Normal,Normal
26/01/2019 15:30:00,1010.7,1010.6381605530844,1008.781564626195,Normal,Normal,Normal
26/01/2019 15:40:00,1010.6,1010.7375201085227,1008.7838175979484,Normal,Normal,Normal
26/01/2019 15:50:00,1010.5,1010.6223269061937,1008.775088765942,Normal,Normal,Normal
26/01/2019 16:00:00,1010.5,1010.4779124502502,1008.7806994834025,Normal,Normal,Normal
26/01/2019 16:10:00,1010.7,1010.4701886048388,1008.7738331661601,Normal,Normal,Normal
26/01/2019 16:20:00,1010.6,1010.6905526731268,1008.7819219970186,Normal,Normal,Normal
26/01/2019 16:30:00,1010.6,1010.5772277763881,1008.7796841350425,Normal,Normal,Normal
26/01/2019 16:40:00,1010.5,1010.5824496001386,1008.7821602349211,Normal,Normal,Normal
26/01/2019 16:50:00,1010.4,1010.4521836978377,1008.7711215590168,Normal,Normal,Normal
26/01/2019 17:00:00,1010.3,1010.3461566110808,1008.7798095935066,Normal,Normal,Normal
26/01/2019 17:20:00,1010.3,1010.2429540162185,1008.7792025798042,Normal,Normal,Normal
26/01/2019 17:30:00,1010.1,1010.2284096161618,1008.7867871274282,Normal,Normal,Normal
26/01/2019 17:40:00,1010.1,1010.0015206107076,1008.7879940600176,Normal,Normal,Normal
26/01/2019 17:50:00,1010.0,1010.0280362725093,1008.7974120707293,Normal,Normal,Normal
26/01/2019 18:00:00,1009.8,1009.9123209707901,1008.7963746537496,Normal,Normal,Normal
26/01/2019 18:10:00,1009.7,1009.7017788309847,1008.8086107962806,Normal,Normal,Normal
26/01/2019 18:20:00,1009.7,1009.6097383365071,1008.8109239854891,Normal,Normal,Normal
26/01/2019 18:30:00,1009.6,1009.6098672550128,1008.8207393487025,Normal,Normal,Normal
26/01/2019 18:40:00,1009.6,1009.5044433924953,1008.8296947454144,Normal,Normal,Normal
26/01/2019 18:50:00,1009.6,1009.5351374298427,1008.8382763669867,Normal,Normal,Normal
26/01/2019 19:00:00,1009.5,1009.5309973652427,1008.8392274410505,Normal,Normal,Normal
26/01/2019 19:10:00,1009.3,1009.439833411081,1008.8462483559777,Normal,Normal,Normal
26/01/2019 19:20:00,1009.2,1009.2202029348038,1008.8479434953113,Normal,Normal,Normal
26/01/2019 19:30:00,1009.1,1009.1017694850437,1008.8525931400288,Normal,Normal,Normal
26/01/2019 19:40:00,1009.0,1008.9933723676666,1008.8594364051748,Normal,Normal,Normal
26/01/2019 19:50:00,1008.7,1008.904874614734,1008.8710908380378,Normal,Normal,Normal
26/01/2019 20:00:00,1008.7,1008.5803495226936,1008.8749842972536,Normal,Normal,Normal
26/01/2019 20:10:00,1008.8,1008.588398502661,1008.8859810617794,Normal,Normal,Normal
26/01/2019 20:20:00,1008.6,1008.7155410540319,1008.8935252253939,Normal,Normal,Normal
26/01/2019 20:30:00,1008.7,1008.5295239264677,1008.9075603348244,Normal,Normal,Normal
26/01/2019 20:40:00,1008.7,1008.6400368125262,1008.9112846695859,Normal,Normal,Normal
26/01/2019 20:50:00,1008.8,1008.6710572581387,1008.909624527492,Normal,Normal,Normal
26/01/2019 21:00:00,1008.9,1008.8124284127593,1008.9220148765523,Normal,Normal,Normal
26/01/2019 21:10:00,1009.1,1008.9499565556924,1008.9179845855613,Normal,Normal,Normal
26/01/2019 21:20:00,1009.1,1009.1869896285136,1008.9198944413145,Normal,Normal,Normal
26/01/2019 21:30:00,1009.3,1009.1847485815669,1008.9112010200549,Normal,Normal,Normal
26/01/2019 21:40:00,1009.4,1009.39224180904,1008.9103309710551,Normal,Normal,Normal
26/01/2019 21:50:00,1009.4,1009.4967377113371,1008.896327217393,Normal,Normal,Normal
26/01/2019 22:00:00,1009.5,1009.487840406727,1008.8958100893576,Normal,Normal,Normal
26/01/2019 22:10:00,1009.5,1009.581750849412,1008.8833873749752,Normal,Normal,Normal
26/01/2019 22:20:00,1009.6,1009.577123905506,1008.877209459715,Normal,Normal,Normal
26/01/2019 22:30:00,1009.7,1009.6635462059462,1008.8741554406513,Normal,Normal,Normal
26/01/2019 22:40:00,1009.7,1009.7760303225209,1008.8674348195125,Normal,Normal,Normal
26/01/2019 22:50:00,1009.7,1009.7557819519525,1008.8631948393811,Normal,Normal,Normal
26/01/2019 23:00:00,1009.8,1009.742618032374,1008.8564365499694,Normal,Normal,Normal
26/01/2019 23:10:00,1009.8,1009.846246840551,1008.8521659870673,Normal,Normal,Normal
26/01/2019 23:20:00,1009.9,1009.8316024125647,1008.8489395466675,Normal,Normal,Normal
26/01/2019 23:30:00,1010.1,1009.9494642779919,1008.848705224045,Normal,Normal,Normal
26/01/2019 23:40:00,1010.1,1010.1715167670388,1008.8421172828455,Normal,Normal,Normal
26/01/2019 23:50:00,1010.2,1010.1669343609838,1008.8385133178015,Normal,Normal,Normal
27/01/2019 00:00:00,1010.2,1010.2828851804466,1008.8328408033628,Normal,Normal,Normal
27/01/2019 00:10:00,1010.3,1010.2693654347263,1008.8218091999222,Normal,Normal,Normal
27/01/2019 00:20:00,1010.5,1010.3688864347,1008.8216343571473,Normal,Normal,Normal
27/01/2019 00:30:00,1010.4,1010.5999548336758,1008.8151401554276,Normal,Normal,Normal
27/01/2019 00:40:00,1010.5,1010.4656778433961,1008.8102248788853,Normal,Normal,Normal
27/01/2019 00:50:00,1010.7,1010.5714254682586,1008.8041932818521,Normal,Normal,Normal
27/01/2019 01:00:00,1010.9,1010.7867811311892,1008.7949948937674,Normal,Normal,Normal
27/01/2019 01:10:00,1011.1,1010.9920473107046,1008.79650590504,Normal,Normal,Normal
27/01/2019 01:20:00,1011.4,1011.2204479740125,1008.7874429424335,Normal,Normal,Normal
27/01/2019 01:30:00,1011.5,1011.48685394389,1008.7761650078971,Normal,Normal,Normal
27/01/2019 01:40:00,1011.6,1011.5779954977917,1008.7605658297468,Normal,Normal,Normal
27/01/2019 01:40:00,0.0,1011.6864947430485,1008.7500392620493,Warning,Normal,Normal
27/01/2019 01:50:00,1011.5,1010.9663529986377,1001.7588286337484,Normal,Normal,Warning
27/01/2019 02:00:00,1011.4,1010.9759292763308,1023.9940924973268,Normal,Normal,Over
27/01/2019 02:10:00,1011.4,1011.0924297279774,1010.8227524583269,Normal,Normal,Normal
27/01/2019 02:20:00,1011.4,1011.1443678993757,1057.8110652615358,Normal,Normal,Over
27/01/2019 02:30:00,1011.6,1011.1599995087533,1002.2064693880309,Normal,Normal,Normal
27/01/2019 02:40:00,1011.6,1011.1942953129092,1016.7847858791281,Normal,Normal,Over
27/01/2019 02:50:00,1011.6,1011.0902016968798,1009.1112767097582,Normal,Normal,Normal
27/01/2019 03:00:00,1011.5,1011.1082133531255,1020.2964595251758,Normal,Normal,Over
27/01/2019 03:10:00,1011.5,1011.1961067456318,1007.4608523299028,Normal,Normal,Normal
27/01/2019 03:20:00,1011.4,1011.4369167610462,1012.9312716548372,Normal,Normal,Normal
27/01/2019 03:30:00,1011.3,1011.3506232605972,1008.7058018737514,Normal,Normal,Normal
27/01/2019 03:40:00,1011.2,1011.2320091669457,1008.7118164331694,Normal,Normal,Normal
27/01/2019 03:50:00,1011.1,1011.1146745903709,1008.7099142571021,Normal,Normal,Normal
27/01/2019 04:00:00,1011.0,1011.0124463600855,1008.716837466978,Normal,Normal,Normal
27/01/2019 04:10:00,1010.9,1010.912699430033,1008.7212788158138,Normal,Normal,Normal
27/01/2019 04:20:00,1010.7,1010.8099525716169,1008.7284605738748,Normal,Normal,Normal
27/01/2019 04:30:00,1010.6,1010.6005576551883,1008.7337250330527,Normal,Normal,Normal
27/01/2019 04:40:00,1010.5,1010.4983018117807,1008.742870371141,Normal,Normal,Normal
27/01/2019 04:50:00,1010.5,1010.3981878939111,1008.7501792267938,Normal,Normal,Normal
27/01/2019 05:00:00,1010.5,1010.399960412965,1008.763232142948,Normal,Normal,Normal
27/01/2019 05:10:00,1010.3,1010.408037834,1008.7692860097666,Normal,Normal,Normal
27/01/2019 05:20:00,1010.1,1010.1932857926221,1008.7751912244637,Normal,Normal,Normal
27/01/2019 05:30:00,1009.9,1009.9958647940775,1008.7785040338565,Normal,Normal,Normal
27/01/2019 05:40:00,1009.7,1009.7940660193414,1008.7839812927921,Normal,Normal,Normal
27/01/2019 05:50:00,1009.5,1009.5839388505439,1008.7971044846852,Normal,Normal,Normal
27/01/2019 06:00:00,1009.4,1009.3853730987508,1008.8094368719537,Normal,Normal,Normal
27/01/2019 06:10:00,1009.3,1009.2832482974912,1008.8224937443663,Normal,Normal,Normal
27/01/2019 06:20:00,1009.2,1009.1900225318602,1008.8342381280888,Normal,Normal,Normal
27/01/2019 06:30:00,1009.1,1009.1033137479208,1008.8476526917,Normal,Normal,Normal
27/01/2019 06:40:00,1008.9,1008.9989677342444,1008.855968821146,Normal,Normal,Normal
27/01/2019 06:50:00,1008.8,1008.7957604548565,1008.8650678464253,Normal,Normal,Normal
27/01/2019 07:00:00,1008.7,1008.6903211153133,1008.8755715203513,Normal,Normal,Normal
27/01/2019 07:10:00,1008.5,1008.5898384444963,1008.8847354290117,Normal,Normal,Normal
27/01/2019 07:20:00,1008.4,1008.3861187025201,1008.8967059676577,Normal,Normal,Normal
27/01/2019 07:30:00,1008.4,1008.2854189366439,1008.9055066046346,Normal,Normal,Normal
27/01/2019 07:40:00,1008.3,1008.298078445603,1008.9147136689205,Normal,Normal,Normal
27/01/2019 07:50:00,1008.1,1008.2127743003995,1008.9256148834754,Normal,Normal,Normal
27/01/2019 08:00:00,1008.0,1008.0042872315468,1008.9327349507291,Normal,Normal,Normal
27/01/2019 08:10:00,1007.8,1007.8911612018179,1008.9375799217303,Normal,Normal,Normal
27/01/2019 08:20:00,1007.7,1007.6862097570795,1008.9457127817948,Normal,Normal,Normal
27/01/2019 08:30:00,1007.4,1007.58573006326,1008.9599376724143,Normal,Normal,Normal
27/01/2019 08:40:00,1007.6,1007.2691622603065,1008.9654804275413,Normal,Normal,Normal
27/01/2019 08:50:00,1007.7,1007.5021948118366,1008.9830024180044,Normal,Normal,Normal
27/01/2019 09:00:00,1007.7,1007.6675519802019,1008.9873024218757,Normal,Normal,Normal
27/01/2019 09:10:00,1007.7,1007.7087255170276,1009.0030965034891,Normal,Normal,Normal
27/01/2019 09:20:00,1007.7,1007.7294959985531,1008.9934405398596,Normal,Normal,Normal
27/01/2019 09:30:00,1007.8,1007.7634208047581,1008.9953114141751,Normal,Normal,Normal
27/01/2019 09:40:00,1007.9,1007.922012842002,1008.9964844559361,Normal,Normal,Normal
27/01/2019 09:50:00,1007.9,1008.0243404959123,1008.9989335064818,Normal,Normal,Normal
27/01/2019 10:00:00,1007.9,1007.9962414135191,1008.9949357018847,Normal,Normal,Normal
27/01/2019 10:10:00,1008.1,1007.966619703962,1008.9902286020149,Normal,Normal,Normal
27/01/2019 10:20:00,1008.1,1008.1986591808435,1008.9866838895757,Normal,Normal,Normal
27/01/2019 10:30:00,1008.2,1008.1981719434636,1008.9830940433819,Normal,Normal,Normal
27/01/2019 10:40:00,1008.3,1008.2920902988856,1008.9825275496621,Normal,Normal,Normal
27/01/2019 10:50:00,1008.3,1008.3896219442645,1008.9708170716692,Normal,Normal,Normal
27/01/2019 11:00:00,1008.4,1008.3838750744115,1008.9693646238227,Normal,Normal,Normal
27/01/2019 11:10:00,1008.5,1008.485594512367,1008.9631027163048,Normal,Normal,Normal
27/01/2019 11:20:00,1008.6,1008.5864038728282,1008.9575738937635,Normal,Normal,Normal
27/01/2019 11:30:00,1008.6,1008.6902325674827,1008.9541043651332,Normal,Normal,Normal
27/01/2019 11:40:00,1008.6,1008.672837531861,1008.9469410062809,Normal,Normal,Normal
27/01/2019 11:50:00,1008.6,1008.6636539446824,1008.9405042820651,Normal,Normal,Normal
27/01/2019 12:00:00,1008.7,1008.6563525579293,1008.9344750114758,Normal,Normal,Normal
27/01/2019 12:10:00,1008.9,1008.7612450632771,1008.9346752588679,Normal,Normal,Normal
27/01/2019 12:20:00,1009.0,1008.9893432115103,1008.9321458053817,Normal,Normal,Normal
27/01/2019 12:30:00,1009.2,1009.0985206812254,1008.9285445262719,Normal,Normal,Normal
27/01/2019 12:40:00,1009.2,1009.3076692174496,1008.9217035056133,Normal,Normal,Normal
27/01/2019 12:50:00,1009.3,1009.2968720244036,1008.9091195681174,Normal,Normal,Normal
27/01/2019 13:00:00,1009.4,1009.3851299034909,1008.9046109908302,Normal,Normal,Normal
27/01/2019 13:10:00,1009.5,1009.490923949939,1008.8930958037306,Normal,Normal,Normal
27/01/2019 13:20:00,1009.9,1009.5935875564443,1008.8913299881895,Normal,Normal,Normal
27/01/2019 13:30:00,1010.0,1010.0037582544071,1008.8837148596574,Normal,Normal,Normal
27/01/2019 13:40:00,1010.1,1010.1171731738019,1008.8725512449671,Normal,Normal,Normal
27/01/2019 13:50:00,1010.2,1010.2028952022782,1008.8628907383461,Normal,Normal,Normal
27/01/2019 14:00:00,1010.3,1010.3076363477354,1008.8420835186769,Normal,Normal,Normal
27/01/2019 14:10:00,1010.3,1010.3998105851632,1008.8359565244098,Normal,Normal,Normal
27/01/2019 14:20:00,1010.3,1010.4030887476284,1008.825778051563,Normal,Normal,Normal
27/01/2019 14:30:00,1010.3,1010.3896285325183,1008.8189629458864,Normal,Normal,Normal
27/01/2019 14:40:00,1010.4,1010.3454106034466,1008.8090450012166,Normal,Normal,Normal
27/01/2019 14:50:00,1010.5,1010.4504197217925,1008.808468223833,Normal,Normal,Normal
27/01/2019 15:00:00,1010.6,1010.5570298836851,1008.8041214936454,Normal,Normal,Normal
27/01/2019 15:10:00,1010.6,1010.6627126515797,1008.801610644259,Normal,Normal,Normal
27/01/2019 15:20:00,1010.8,1010.6542770867208,1008.7936008417089,Normal,Normal,Normal
27/01/2019 15:30:00,1010.8,1010.8768521171334,1008.7902659841855,Normal,Normal,Normal
27/01/2019 15:40:00,1010.7,1010.8682986027592,1008.7818206523586,Normal,Normal,Normal
27/01/2019 15:50:00,1010.5,1010.7477546012832,1008.7805241172243,Normal,Normal,Normal
27/01/2019 16:00:00,1010.5,1010.4930219995455,1008.7689649493475,Normal,Normal,Normal
27/01/2019 16:10:00,1010.4,1010.4619612247694,1008.7724166450132,Normal,Normal,Normal
27/01/2019 16:20:00,1010.3,1010.3425295405523,1008.7739622251172,Normal,Normal,Normal
27/01/2019 16:30:00,1010.1,1010.2195626254058,1008.7834742714692,Normal,Normal,Normal
27/01/2019 16:40:00,1010.0,1009.9900650771162,1008.7806173556526,Normal,Normal,Normal
27/01/2019 16:50:00,1009.9,1009.8966224562074,1008.7898866769899,Normal,Normal,Normal
27/01/2019 17:00:00,1009.8,1009.8055877972572,1008.7957229496021,Normal,Normal,Normal
27/01/2019 17:10:00,1009.6,1009.70104723602,1008.8087806155015,Normal,Normal,Normal
27/01/2019 17:20:00,1009.6,1009.4865568509451,1008.8136968848337,Normal,Normal,Normal
27/01/2019 17:30:00,1009.5,1009.509982552647,1008.8247470551212,Normal,Normal,Normal
27/01/2019 17:40:00,1009.4,1009.4033508075718,1008.830581750073,Normal,Normal,Normal
27/01/2019 17:50:00,1009.2,1009.3111511297581,1008.8438880064566,Normal,Normal,Normal
27/01/2019 18:00:00,1009.0,1009.091235475368,1008.8450931341429,Normal,Normal,Normal
27/01/2019 18:10:00,1009.0,1008.8852726293261,1008.8552856792737,Normal,Normal,Normal
27/01/2019 18:20:00,1009.0,1008.8893199282236,1008.8644500107546,Normal,Normal,Normal
27/01/2019 18:30:00,1008.8,1008.9124775745819,1008.877312121265,Normal,Normal,Normal
27/01/2019 18:40:00,1008.8,1008.6981846233526,1008.88536276231,Normal,Normal,Normal
27/01/2019 18:50:00,1008.6,1008.7145738631787,1008.8907096975524,Normal,Normal,Normal
27/01/2019 19:00:00,1008.6,1008.502503283207,1008.8924436059822,Normal,Normal,Normal
27/01/2019 19:10:00,1008.4,1008.5183394601112,1008.9078339648474,Normal,Normal,Normal
27/01/2019 19:20:00,1008.4,1008.3098273990811,1008.9080431901891,Normal,Normal,Normal
27/01/2019 19:30:00,1008.2,1008.3183078525966,1008.9229563412298,Normal,Normal,Normal
27/01/2019 19:40:00,1008.4,1008.1117355528004,1008.9216196623672,Normal,Normal,Normal
27/01/2019 19:50:00,1008.5,1008.3556263983365,1008.9396105662961,Normal,Normal,Normal
27/01/2019 20:00:00,1008.4,1008.5089905395938,1008.9362423674245,Normal,Normal,Normal
27/01/2019 20:10:00,1008.5,1008.4175202086253,1008.9480525900651,Normal,Normal,Normal
27/01/2019 20:20:00,1008.5,1008.5325846499117,1008.938883898132,Normal,Normal,Normal
27/01/2019 20:30:00,1008.7,1008.5410282037074,1008.9387369354297,Normal,Normal,Normal
27/01/2019 20:40:00,1008.8,1008.7836090876574,1008.9436396316667,Normal,Normal,Normal
27/01/2019 20:50:00,1008.6,1008.8911635552015,1008.9380656995852,Normal,Normal,Normal
27/01/2019 21:00:00,1008.5,1008.6539136678773,1008.9336244513322,Normal,Normal,Normal
27/01/2019 21:10:00,1008.5,1008.5214230860818,1008.925218227603,Normal,Normal,Normal
27/01/2019 21:20:00,1008.6,1008.5102314156611,1008.9239686125,Normal,Normal,Normal
27/01/2019 21:30:00,1008.7,1008.6347302307138,1008.9319372189273,Normal,Normal,Normal
27/01/2019 21:40:00,1008.8,1008.7558686806852,1008.9343471818645,Normal,Normal,Normal
27/01/2019 21:50:00,1008.9,1008.8710392796477,1008.9315238365014,Normal,Normal,Normal
27/01/2019 22:00:00,1008.8,1008.9832779268461,1008.9256198101718,Normal,Normal,Normal
27/01/2019 22:10:00,1008.8,1008.853823315986,1008.9206202712883,Normal,Normal,Normal
27/01/2019 22:20:00,1008.9,1008.8372780717907,1008.9173937321682,Normal,Normal,Normal
27/01/2019 22:30:00,1009.0,1008.9539400473511,1008.9139568370808,Normal,Normal,Normal
27/01/2019 22:40:00,1008.9,1009.0724127260811,1008.9170694288839,Normal,Normal,Normal
27/01/2019 22:50:00,1008.9,1008.9514064581507,1008.9121596024413,Normal,Normal,Normal
27/01/2019 23:00:00,1009.0,1008.9302253114862,1008.9079271734734,Normal,Normal,Normal
27/01/2019 23:10:00,1009.1,1009.0384125919747,1008.9032122206916,Normal,Normal,Normal
27/01/2019 23:20:00,1009.1,1009.1585030319061,1008.9079427340109,Normal,Normal,Normal
27/01/2019 23:30:00,1009.3,1009.15421417033,1008.9042029933114,Normal,Normal,Normal
27/01/2019 23:40:00,1009.5,1009.3758934132281,1008.9005535927643,Normal,Normal,Normal
27/01/2019 23:50:00,1009.7,1009.5964568234216,1008.8937200003345,Normal,Normal,Normal
28/01/2019 00:00:00,1009.8,1009.8058404787247,1008.8923581906636,Normal,Normal,Normal
28/01/2019 00:10:00,1010.0,1009.903553112537,1008.8785272532184,Normal,Normal,Normal
28/01/2019 00:20:00,1010.2,1010.1010827323803,1008.8687928070356,Normal,Normal,Normal
28/01/2019 00:30:00,1010.3,1010.2999396014505,1008.8559059140314,Normal,Normal,Normal
28/01/2019 00:40:00,1010.5,1010.4134559370485,1008.8476251171012,Normal,Normal,Normal
28/01/2019 00:50:00,1010.6,1010.6137747465593,1008.8336334911216,Normal,Normal,Normal
28/01/2019 01:00:00,1010.8,1010.7149459781336,1008.8197550543625,Normal,Normal,Normal
28/01/2019 01:10:00,1010.8,1010.9165505269905,1008.8111269784201,Normal,Normal,Normal
28/01/2019 01:20:00,1010.9,1010.9244808507814,1008.7954283871729,Normal,Normal,Normal
28/01/2019 01:30:00,1011.0,1011.0097349859811,1008.7882587046404,Normal,Normal,Normal
28/01/2019 01:40:00,1011.0,1011.1051406550357,1008.7742770587136,Normal,Normal,Normal
28/01/2019 01:50:00,1011.1,1011.0906855010213,1008.7712367189158,Normal,Normal,Normal
28/01/2019 02:00:00,1011.0,1011.1866173373977,1008.7622279145796,Normal,Normal,Normal
28/01/2019 02:10:00,1011.1,1011.0504576018354,1008.7544212018181,Normal,Normal,Normal
28/01/2019 02:20:00,1011.0,1011.1386093549827,1008.7532577452291,Normal,Normal,Normal
28/01/2019 02:30:00,1011.1,1011.0230466471766,1008.7454040025402,Normal,Normal,Normal
28/01/2019 02:40:00,1011.2,1011.1048529023982,1008.7508736767847,Normal,Normal,Normal
28/01/2019 02:50:00,1011.3,1011.2281070837969,1008.7429417421151,Normal,Normal,Normal
28/01/2019 03:00:00,1011.3,1011.3260518338242,1008.7478766192723,Normal,Normal,Normal
28/01/2019 03:10:00,1011.3,1011.3261066691647,1008.7383406248916,Normal,Normal,Normal
28/01/2019 03:20:00,1011.2,1011.3121792802376,1008.7359488227446,Normal,Normal,Normal
28/01/2019 03:30:00,1011.2,1011.1891387923015,1008.7286061712582,Normal,Normal,Normal
28/01/2019 03:40:00,1011.2,1011.1953671343496,1008.7316067305435,Normal,Normal,Normal
28/01/2019 03:50:00,1011.1,1011.1853678270933,1008.729293420263,Normal,Normal,Normal
28/01/2019 04:00:00,1011.1,1011.0729504402308,1008.7328142740805,Normal,Normal,Normal
28/01/2019 04:10:00,1011.0,1011.0593125011893,1008.73223923827,Normal,Normal,Normal
28/01/2019 04:20:00,1011.0,1010.9420013483902,1008.7322606642772,Normal,Normal,Normal
28/01/2019 04:30:00,1010.8,1010.9392094502962,1008.7382458386053,Normal,Normal,Normal
28/01/2019 04:40:00,1010.6,1010.7242590158481,1008.7375786596019,Normal,Normal,Normal
28/01/2019 04:50:00,1010.6,1010.489046806801,1008.7447451141704,Normal,Normal,Normal
28/01/2019 05:00:00,1010.4,1010.5049333596397,1008.7479949028273,Normal,Normal,Normal
28/01/2019 05:10:00,1010.4,1010.2931722807563,1008.7586815127213,Normal,Normal,Normal
28/01/2019 05:20:00,1010.3,1010.3028375631162,1008.7700384643902,Normal,Normal,Normal
28/01/2019 05:30:00,1010.1,1010.2010969297569,1008.7716394507368,Normal,Normal,Normal
28/01/2019 05:40:00,1010.1,1009.9837167350237,1008.783021874078,Normal,Normal,Normal
28/01/2019 05:50:00,1009.9,1010.0198615771101,1008.7877508022864,Normal,Normal,Normal
28/01/2019 06:00:00,1009.8,1009.7905938757896,1008.7952798393596,Normal,Normal,Normal
28/01/2019 06:10:00,1009.7,1009.6979325313013,1008.8073426255066,Normal,Normal,Normal
28/01/2019 06:20:00,1009.6,1009.6104776193221,1008.8112147574354,Normal,Normal,Normal
28/01/2019 06:30:00,1009.5,1009.4906098933128,1008.8233396199573,Normal,Normal,Normal
28/01/2019 06:40:00,1009.4,1009.4073955011293,1008.8299928971608,Normal,Normal,Normal
28/01/2019 06:50:00,1009.4,1009.3069192900228,1008.8389951729257,Normal,Normal,Normal
28/01/2019 07:00:00,1009.2,1009.305182813466,1008.8459679664154,Normal,Normal,Normal
28/01/2019 07:10:00,1009.0,1009.1091714205355,1008.8529711657245,Normal,Normal,Normal
28/01/2019 07:20:00,1008.9,1008.8869032543508,1008.8605581459631,Normal,Normal,Normal
28/01/2019 07:30:00,1008.7,1008.7842964032436,1008.8653557126452,Normal,Normal,Normal
28/01/2019 07:40:00,1008.6,1008.5843208093303,1008.8778853633482,Normal,Normal,Normal
28/01/2019 07:50:00,1008.6,1008.4859713524053,1008.8903215688695,Normal,Normal,Normal
28/01/2019 08:00:00,1008.6,1008.4965299834265,1008.8988487583626,Normal,Normal,Normal
28/01/2019 08:10:00,1008.5,1008.5159368296132,1008.9100914684166,Normal,Normal,Normal
28/01/2019 08:20:00,1008.4,1008.4350172198314,1008.916551505499,Normal,Normal,Normal
28/01/2019 08:30:00,1008.3,1008.3288406346786,1008.9204056703527,Normal,Normal,Normal
28/01/2019 08:40:00,1008.2,1008.2250781634126,1008.9240436193575,Normal,Normal,Normal
28/01/2019 08:50:00,1008.1,1008.1275444420198,1008.9329693515826,Normal,Normal,Normal
28/01/2019 09:00:00,1008.0,1008.0216123417432,1008.939525221758,Normal,Normal,Normal
28/01/2019 09:10:00,1007.9,1007.9164215953853,1008.946270502456,Normal,Normal,Normal
28/01/2019 09:20:00,1007.9,1007.8123341643784,1008.9527661868412,Normal,Normal,Normal
28/01/2019 09:30:00,1007.9,1007.8232010285759,1008.9606766321738,Normal,Normal,Normal
28/01/2019 09:40:00,1008.0,1007.8445744230164,1008.9669525169809,Normal,Normal,Normal
28/01/2019 09:50:00,1008.1,1007.9903444452406,1008.974129277565,Normal,Normal,Normal
28/01/2019 10:00:00,1008.1,1008.1366136505557,1008.9749410350848,Normal,Normal,Normal
28/01/2019 10:10:00,1008.0,1008.1525935726712,1008.9754963808734,Normal,Normal,Normal
28/01/2019 10:20:00,1008.2,1008.0405649686,1008.9712248177309,Normal,Normal,Normal
28/01/2019 10:30:00,1008.3,1008.2804403134535,1008.9713445299346,Normal,Normal,Normal
28/01/2019 10:40:00,1008.5,1008.3967631890301,1008.9693636347581,Normal,Normal,Normal
28/01/2019 10:50:00,1008.7,1008.6034073807284,1008.9732487698127,Normal,Normal,Normal
28/01/2019 11:00:00,1008.9,1008.8090772675296,1008.9598659177352,Normal,Normal,Normal
28/01/2019 11:10:00,1008.9,1009.0154352826478,1008.9540158783127,Normal,Normal,Normal
28/01/2019 11:20:00,1009.1,1009.0075038032255,1008.939670679443,Normal,Normal,Normal
28/01/2019 11:30:00,1009.2,1009.2024410428529,1008.932063418724,Normal,Normal,Normal
28/01/2019 11:40:00,1009.2,1009.3113642818008,1008.9172692944337,Normal,Normal,Normal
28/01/2019 11:50:00,1009.2,1009.2989229534292,1008.9144742929418,Normal,Normal,Normal
28/01/2019 12:00:00,1009.3,1009.2894703770829,1008.8998793580611,Normal,Normal,Normal
28/01/2019 12:10:00,1009.3,1009.3831553180353,1008.8944633950521,Normal,Normal,Normal
28/01/2019 12:20:00,1009.3,1009.3689043394785,1008.8891228971113,Normal,Normal,Normal
28/01/2019 12:30:00,1009.3,1009.3530359841104,1008.8874512066175,Normal,Normal,Normal
28/01/2019 12:40:00,1009.4,1009.3304127889435,1008.8794300065417,Normal,Normal,Normal
28/01/2019 12:50:00,1009.7,1009.4371022581337,1008.8798638296355,Normal,Normal,Normal
28/01/2019 13:00:00,1009.8,1009.7770751583319,1008.8789138359059,Normal,Normal,Normal
28/01/2019 13:10:00,1009.8,1009.8937606975381,1008.8744119492401,Normal,Normal,Normal
28/01/2019 13:20:00,1009.9,1009.879651726566,1008.8662768260617,Normal,Normal,Normal
28/01/2019 13:30:00,1009.9,1009.9773912737007,1008.8529634227086,Normal,Normal,Normal
28/01/2019 13:40:00,1010.1,1009.9626363007391,1008.8473146588583,Normal,Normal,Normal
28/01/2019 13:50:00,1010.2,1010.1817807274929,1008.8466990788509,Normal,Normal,Normal
28/01/2019 14:00:00,1010.4,1010.2950174517471,1008.837453061067,Normal,Normal,Normal
28/01/2019 14:10:00,1010.5,1010.4969724418985,1008.8341962688644,Normal,Normal,Normal
28/01/2019 14:20:00,1010.5,1010.6105247610492,1008.8199626592029,Normal,Normal,Normal
28/01/2019 14:30:00,1010.6,1010.6037340472301,1008.8132997279097,Normal,Normal,Normal
28/01/2019 14:40:00,1010.6,1010.7034043764666,1008.8015599262942,Normal,Normal,Normal
28/01/2019 14:50:00,1010.6,1010.6890897553277,1008.7957302381326,Normal,Normal,Normal
28/01/2019 15:00:00,1010.7,1010.6657630101263,1008.7918242358644,Normal,Normal,Normal
28/01/2019 15:10:00,1010.7,1010.7651036282623,1008.7858863578219,Normal,Normal,Normal
28/01/2019 15:20:00,1010.7,1010.7341332060012,1008.7819758423645,Normal,Normal,Normal
28/01/2019 15:30:00,1010.9,1010.7322163654413,1008.779653824218,Normal,Normal,Normal
28/01/2019 15:40:00,1011.6,1010.9491959219224,1008.7754285310436,Normal,Normal,Normal
28/01/2019 15:50:00,1010.9,1011.6436546624595,1008.7763163236011,Normal,Normal,Normal
28/01/2019 16:00:00,1010.3,1010.9108431333887,1008.7598316495348,Normal,Normal,Normal
28/01/2019 16:10:00,1010.2,1010.1764559182167,1008.7546423890669,Normal,Normal,Normal
28/01/2019 16:20:00,1010.4,1010.0475211884901,1008.7306353443344,Normal,Normal,Normal
28/01/2019 16:30:00,1010.3,1010.2355199508738,1008.7717770145316,Normal,Normal,Normal
28/01/2019 16:40:00,1010.2,1010.1838379991993,1008.7868169632782,Normal,Normal,Normal
28/01/2019 16:50:00,1010.1,1010.0371537677158,1008.7912287053693,Normal,Normal,Normal
28/01/2019 17:00:00,1009.9,1009.9547882162994,1008.7792005793233,Normal,Normal,Normal
28/01/2019 17:10:00,1009.8,1009.8267134360077,1008.794750151508,Normal,Normal,Normal
28/01/2019 17:20:00,1009.9,1009.7014307979405,1008.8030331705738,Normal,Normal,Normal
28/01/2019 17:30:00,1009.7,1009.8046243643945,1008.8139086955268,Normal,Normal,Normal
28/01/2019 17:40:00,1009.5,1009.5901381912735,1008.8212181435008,Normal,Normal,Normal
28/01/2019 17:50:00,1009.2,1009.4110527832022,1008.8288614855189,Normal,Normal,Normal
28/01/2019 18:00:00,1009.2,1009.085608047065,1008.8265581869562,Normal,Normal,Normal
28/01/2019 18:10:00,1009.3,1009.0923038430369,1008.8441654008855,Normal,Normal,Normal
28/01/2019 18:20:00,1009.3,1009.209764715477,1008.855726816975,Normal,Normal,Normal
28/01/2019 18:30:00,1009.3,1009.226812830886,1008.8703649447341,Normal,Normal,Normal
28/01/2019 18:40:00,1009.3,1009.2415610757753,1008.8694655534853,Normal,Normal,Normal
28/01/2019 18:50:00,1009.3,1009.2757515054972,1008.8699138884474,Normal,Normal,Normal
28/01/2019 19:00:00,1009.2,1009.2706058514432,1008.8723020640243,Normal,Normal,Normal
28/01/2019 19:10:00,1009.1,1009.1734208029432,1008.8748393275816,Normal,Normal,Normal
28/01/2019 19:20:00,1008.9,1009.0506377705921,1008.8760878325481,Normal,Normal,Normal
28/01/2019 19:30:00,1008.9,1008.8261538795373,1008.8765356292058,Normal,Normal,Normal
28/01/2019 19:40:00,1009.0,1008.8322744273202,1008.8847378932912,Normal,Normal,Normal
28/01/2019 19:50:00,1009.0,1008.9589200174836,1008.8896365047474,Normal,Normal,Normal
28/01/2019 20:00:00,1009.0,1008.9814032157587,1008.8979859401513,Normal,Normal,Normal
28/01/2019 20:10:00,1008.9,1008.9858571644937,1008.8973305163015,Normal,Normal,Normal
28/01/2019 20:20:00,1008.9,1008.874940112657,1008.8945632551838,Normal,Normal,Normal
28/01/2019 20:30:00,1009.0,1008.8719823220041,1008.8978174452711,Normal,Normal,Normal
28/01/2019 20:40:00,1009.2,1009.0073015730935,1008.9005025506992,Normal,Normal,Normal
28/01/2019 20:50:00,1009.4,1009.258016919463,1008.9053560302634,Normal,Normal,Normal
28/01/2019 21:00:00,1009.4,1009.4967385894985,1008.9025561952074,Normal,Normal,Normal
28/01/2019 21:10:00,1009.4,1009.4884688334688,1008.8951893367846,Normal,Normal,Normal
28/01/2019 21:20:00,1009.3,1009.4602697766763,1008.8853297487874,Normal,Normal,Normal
28/01/2019 21:30:00,1009.4,1009.3352222759936,1008.8765701272566,Normal,Normal,Normal
28/01/2019 21:40:00,1009.4,1009.4351986610076,1008.8782965553035,Normal,Normal,Normal
28/01/2019 21:50:00,1009.5,1009.441632481413,1008.8745964479674,Normal,Normal,Normal
28/01/2019 22:00:00,1009.6,1009.5444001527625,1008.8776833017398,Normal,Normal,Normal
28/01/2019 22:10:00,1009.6,1009.6485648136921,1008.8689043850679,Normal,Normal,Normal
28/01/2019 22:20:00,1009.7,1009.6430386298678,1008.8680380464573,Normal,Normal,Normal
28/01/2019 22:30:00,1009.8,1009.7410665220755,1008.8620739777614,Normal,Normal,Normal
28/01/2019 22:40:00,1009.9,1009.8602095318494,1008.8581475161989,Normal,Normal,Normal
28/01/2019 22:50:00,1010.1,1009.96251503971,1008.8556975678582,Normal,Normal,Normal
28/01/2019 23:00:00,1010.2,1010.1946904770747,1008.8502072480549,Normal,Normal,Normal
28/01/2019 23:10:00,1010.4,1010.2975528030007,1008.8418571327854,Normal,Normal,Normal
28/01/2019 23:20:00,1010.6,1010.5113513645952,1008.8352795963217,Normal,Normal,Normal
28/01/2019 23:30:00,1010.7,1010.7251427175456,1008.8232366436202,Normal,Normal,Normal
28/01/2019 23:40:00,1010.8,1010.8228950673713,1008.8145254452754,Normal,Normal,Normal
28/01/2019 23:50:00,1010.9,1010.9288185288997,1008.8015674197156,Normal,Normal,Normal
29/01/2019 00:00:00,1011.1,1011.0192819644857,1008.7898024891545,Normal,Normal,Normal
29/01/2019 00:10:00,1011.2,1011.2136179441228,1008.7816759825726,Normal,Normal,Normal
29/01/2019 00:20:00,1011.3,1011.3188432981691,1008.7719393403311,Normal,Normal,Normal
29/01/2019 00:30:00,1011.4,1011.4063307211377,1008.7626157545526,Normal,Normal,Normal
29/01/2019 00:40:00,1011.4,1011.5010731628365,1008.7492286854465,Normal,Normal,Normal
29/01/2019 00:50:00,1011.5,1011.4953543200309,1008.7413689264138,Normal,Normal,Normal
29/01/2019 01:00:00,1011.5,1011.588622938017,1008.7341500681866,Normal,Normal,Normal
29/01/2019 01:10:00,1011.6,1011.5761543284026,1008.7261113480706,Normal,Normal,Normal
29/01/2019 01:20:00,1011.7,1011.6631669238166,1008.7238155168523,Normal,Normal,Normal
29/01/2019 01:30:00,1011.7,1011.7647633156951,1008.7159887229134,Normal,Normal,Normal
29/01/2019 01:40:00,1011.7,1011.7474644701904,1008.7130184819032,Normal,Normal,Normal
29/01/2019 01:50:00,1011.7,1011.7251283599023,1008.7057188984979,Normal,Normal,Normal
29/01/2019 02:00:00,1011.5,1011.7022177305568,1008.7011747633148,Normal,Normal,Normal
29/01/2019 02:10:00,1011.4,1011.4654571336754,1008.6980801180978,Normal,Normal,Normal
29/01/2019 02:20:00,1011.5,1011.3173607687214,1008.6996960354079,Normal,Normal,Normal
29/01/2019 02:30:00,1011.5,1011.41498991088,1008.7007099011023,Normal,Normal,Normal
29/01/2019 02:40:00,1011.4,1011.4561279390028,1008.7080929701258,Normal,Normal,Normal
29/01/2019 02:50:00,1011.3,1011.3475668848338,1008.710466719516,Normal,Normal,Normal
29/01/2019 03:00:00,1011.2,1011.2083382340128,1008.7069662802894,Normal,Normal,Normal
29/01/2019 03:10:00,1011.2,1011.1019325508728,1008.7095160831739,Normal,Normal,Normal
29/01/2019 03:20:00,1011.1,1011.1164332800814,1008.7176198449959,Normal,Normal,Normal
29/01/2019 03:30:00,1011.1,1011.0188859819791,1008.7222104569007,Normal,Normal,Normal
29/01/2019 03:40:00,1011.0,1011.0254372930008,1008.7282904305537,Normal,Normal,Normal
29/01/2019 03:50:00,1011.0,1010.9293969381066,1008.7285445717205,Normal,Normal,Normal
29/01/2019 04:00:00,1010.9,1010.9225075994372,1008.7364718330134,Normal,Normal,Normal
29/01/2019 04:10:00,1010.8,1010.8236050229881,1008.7364097622265,Normal,Normal,Normal
29/01/2019 04:20:00,1010.7,1010.7118801771995,1008.7443183747162,Normal,Normal,Normal
29/01/2019 04:30:00,1010.6,1010.612572298781,1008.745037942477,Normal,Normal,Normal
29/01/2019 04:40:00,1010.6,1010.5061249055351,1008.7532821309794,Normal,Normal,Normal
29/01/2019 04:50:00,1010.5,1010.5147619240148,1008.7591254183133,Normal,Normal,Normal
29/01/2019 05:00:00,1010.3,1010.4123692942363,1008.765213691913,Normal,Normal,Normal
29/01/2019 05:10:00,1010.2,1010.1936761929569,1008.7702708927025,Normal,Normal,Normal
29/01/2019 05:20:00,1010.0,1010.1019013475824,1008.7745625258465,Normal,Normal,Normal
29/01/2019 05:30:00,1009.9,1009.8882285470769,1008.7818244502921,Normal,Normal,Normal
29/01/2019 05:40:00,1009.7,1009.7964092728389,1008.7949052427937,Normal,Normal,Normal
29/01/2019 05:50:00,1009.6,1009.5887961265255,1008.8012540594716,Normal,Normal,Normal
29/01/2019 06:00:00,1009.5,1009.4876010817649,1008.8147822127719,Normal,Normal,Normal
29/01/2019 06:10:00,1009.4,1009.3998288286364,1008.8220273193945,Normal,Normal,Normal
29/01/2019 06:20:00,1009.3,1009.3000389903403,1008.8359224659432,Normal,Normal,Normal
29/01/2019 06:30:00,1009.2,1009.1953707503842,1008.8427060165484,Normal,Normal,Normal
29/01/2019 06:40:00,1009.0,1009.104827426599,1008.8525836219121,Normal,Normal,Normal
29/01/2019 06:50:00,1008.9,1008.8866991048322,1008.8593281109859,Normal,Normal,Normal
29/01/2019 07:00:00,1008.8,1008.7937114736237,1008.8699134116102,Normal,Normal,Normal
29/01/2019 07:10:00,1008.7,1008.6852584298994,1008.877512296014,Normal,Normal,Normal
29/01/2019 07:20:00,1008.6,1008.5956885627064,1008.89029924693,Normal,Normal,Normal
29/01/2019 07:30:00,1008.5,1008.4967396201777,1008.8971724857618,Normal,Normal,Normal
29/01/2019 07:40:00,1008.4,1008.4000641324095,1008.905482829832,Normal,Normal,Normal
29/01/2019 07:50:00,1008.4,1008.3019570479415,1008.913040045001,Normal,Normal,Normal
29/01/2019 08:00:00,1008.4,1008.3206373541902,1008.9223850660999,Normal,Normal,Normal
29/01/2019 08:10:00,1008.4,1008.3427645829637,1008.9289583631833,Normal,Normal,Normal
29/01/2019 08:20:00,1008.4,1008.3688468010077,1008.9358629149426,Normal,Normal,Normal
29/01/2019 08:30:00,1008.4,1008.3849598546402,1008.9374968347181,Normal,Normal,Normal
29/01/2019 08:40:00,1008.6,1008.3982305598502,1008.9397733354051,Normal,Normal,Normal
29/01/2019 08:50:00,1008.6,1008.651129525107,1008.9426316742827,Normal,Normal,Normal
29/01/2019 09:00:00,1008.6,1008.6614135383044,1008.9410552357365,Normal,Normal,Normal
29/01/2019 09:10:00,1008.7,1008.6521103496232,1008.9409293972928,Normal,Normal,Normal
29/01/2019 09:20:00,1008.7,1008.761479834302,1008.932331080832,Normal,Normal,Normal
29/01/2019 09:30:00,1008.8,1008.7604689090349,1008.9321069189389,Normal,Normal,Normal
29/01/2019 09:40:00,1008.9,1008.8673580449678,1008.930992934205,Normal,Normal,Normal
29/01/2019 09:50:00,1008.9,1008.9776782749227,1008.9252403409262,Normal,Normal,Normal
29/01/2019 10:00:00,1008.9,1008.9721992863525,1008.9218763907481,Normal,Normal,Normal
29/01/2019 10:10:00,1009.0,1008.9573306159328,1008.9162630525459,Normal,Normal,Normal
29/01/2019 10:20:00,1009.0,1009.0606160869412,1008.9118653026451,Normal,Normal,Normal
29/01/2019 10:30:00,1009.0,1009.0587813601365,1008.9090605222661,Normal,Normal,Normal
29/01/2019 10:40:00,1009.0,1009.0486492012183,1008.9081355867017,Normal,Normal,Normal
29/01/2019 10:50:00,1009.0,1009.0373863749047,1008.9016823128838,Normal,Normal,Normal
29/01/2019 11:00:00,1009.0,1009.0302439697656,1008.9013018843759,Normal,Normal,Normal
29/01/2019 11:10:00,1009.0,1009.0226670080141,1008.9002108567436,Normal,Normal,Normal
29/01/2019 11:20:00,1009.2,1009.0176542383778,1008.8997498204042,Normal,Normal,Normal
29/01/2019 11:30:00,1009.2,1009.2489385584427,1008.899986676224,Normal,Normal,Normal
29/01/2019 11:40:00,1009.3,1009.2573322759878,1008.897090315171,Normal,Normal,Normal
29/01/2019 11:50:00,1009.5,1009.3576130761513,1008.8969452709932,Normal,Normal,Normal
29/01/2019 12:00:00,1009.8,1009.5800282275077,1008.8871068072547,Normal,Normal,Normal
29/01/2019 12:10:00,1009.9,1009.9043927864698,1008.8872347057838,Normal,Normal,Normal
29/01/2019 12:20:00,1009.9,1010.006641914151,1008.8765307323117,Normal,Normal,Normal
29/01/2019 12:30:00,1010.0,1010.003124147677,1008.8652550664772,Normal,Normal,Normal
29/01/2019 12:40:00,1010.1,1010.0877235891145,1008.8493757669855,Normal,Normal,Normal
29/01/2019 12:50:00,1010.3,1010.191632251235,1008.8442443323363,Normal,Normal,Normal
29/01/2019 13:00:00,1010.4,1010.4019911268862,1008.8400957447518,Normal,Normal,Normal
29/01/2019 13:10:00,1010.4,1010.5091019388714,1008.8296214428772,Normal,Normal,Normal
29/01/2019 13:20:00,1010.3,1010.4912805652172,1008.8198391285766,Normal,Normal,Normal
29/01/2019 13:30:00,1010.3,1010.3675479799076,1008.8074712690939,Normal,Normal,Normal
29/01/2019 13:40:00,1010.4,1010.3430434431914,1008.8034450982739,Normal,Normal,Normal
29/01/2019 13:50:00,1010.5,1010.4368837222719,1008.8017928165425,Normal,Normal,Normal
29/01/2019 14:00:00,1010.7,1010.5415552512236,1008.8039258823771,Normal,Normal,Normal
29/01/2019 14:10:00,1010.8,1010.7602510963451,1008.8003170595546,Normal,Normal,Normal
29/01/2019 14:20:00,1010.9,1010.8648590480959,1008.7924087674398,Normal,Normal,Normal
29/01/2019 14:30:00,1011.1,1010.973346724856,1008.7862883389969,Normal,Normal,Normal
29/01/2019 14:40:00,1011.2,1011.1906502895228,1008.7768145551015,Normal,Normal,Normal
29/01/2019 14:50:00,1011.4,1011.291964881833,1008.7697512407829,Normal,Normal,Normal
29/01/2019 15:00:00,1011.4,1011.5091622205703,1008.7626322985668,Normal,Normal,Normal
29/01/2019 15:10:00,1011.1,1011.5065289740734,1008.748440525778,Normal,Normal,Normal
29/01/2019 15:20:00,1011.2,1011.1530118903697,1008.7389695786912,Normal,Normal,Normal
29/01/2019 15:30:00,1011.2,1011.2237889415819,1008.7321754836519,Normal,Normal,Normal
29/01/2019 15:40:00,1011.4,1011.2076767881581,1008.7298440535594,Normal,Normal,Normal
29/01/2019 15:50:00,1011.3,1011.4248360138316,1008.7413573072333,Normal,Normal,Normal
29/01/2019 16:00:00,1011.1,1011.3110169980413,1008.7294674956281,Normal,Normal,Normal
29/01/2019 16:10:00,1011.1,1011.0305800478197,1008.7292140846182,Normal,Normal,Normal
29/01/2019 16:20:00,1010.9,1011.0273597066251,1008.7218840413768,Normal,Normal,Normal
29/01/2019 16:30:00,1010.9,1010.8063683443487,1008.7296218548943,Normal,Normal,Normal
29/01/2019 16:40:00,1010.5,1010.8114703789214,1008.7385966193904,Normal,Normal,Normal
29/01/2019 16:50:00,1010.3,1010.3883504559769,1008.7370618407656,Normal,Normal,Normal
29/01/2019 17:00:00,1010.4,1010.1675680712198,1008.7503560719122,Normal,Normal,Normal
29/01/2019 17:10:00,1011.2,1010.3048917687685,1008.7550822955598,Normal,Normal,Normal
29/01/2019 17:20:00,1010.8,1011.0560229074647,1008.7818405100186,Normal,Normal,Normal
29/01/2019 17:30:00,1010.7,1010.6847278219337,1008.7741830603261,Normal,Normal,Normal
29/01/2019 17:40:00,1010.6,1010.5784942751576,1008.7780430813361,Normal,Normal,Normal
29/01/2019 17:50:00,1010.6,1010.4739602246276,1008.7430175983388,Normal,Normal,Normal
29/01/2019 18:00:00,1010.5,1010.4957294302162,1008.7739922584076,Normal,Normal,Normal
29/01/2019 18:10:00,1010.0,1010.4484997396765,1008.7711711053778,Normal,Normal,Normal
29/01/2019 18:20:00,1010.3,1009.8381732750804,1008.7766001329799,Normal,Normal,Normal
29/01/2019 18:30:00,1010.0,1010.1669186586913,1008.7785332960118,Normal,Normal,Normal
29/01/2019 18:40:00,1009.9,1009.8994529173364,1008.7838100803126,Normal,Normal,Normal
29/01/2019 18:50:00,1009.8,1009.7826985675258,1008.8080058370758,Normal,Normal,Normal
29/01/2019 19:00:00,1010.1,1009.7121783739725,1008.7951612801332,Normal,Normal,Normal
29/01/2019 19:10:00,1009.7,1010.0199546227788,1008.8197589249392,Normal,Normal,Normal
29/01/2019 19:20:00,1009.7,1009.6166080398814,1008.8149713718374,Normal,Normal,Normal
29/01/2019 19:30:00,1009.8,1009.6520027814533,1008.8324700047303,Normal,Normal,Normal
29/01/2019 19:40:00,1009.9,1009.7216519935589,1008.8160716530908,Normal,Normal,Normal
29/01/2019 19:50:00,1010.2,1009.8921732714821,1008.8433215406765,Normal,Normal,Normal
29/01/2019 20:00:00,1010.9,1010.2408546225086,1008.838273630761,Normal,Normal,Normal
29/01/2019 20:10:00,1010.9,1010.975219735493,1008.838851477303,Normal,Normal,Normal
29/01/2019 20:20:00,1011.1,1010.9314002711882,1008.8204676576931,Normal,Normal,Normal
29/01/2019 20:30:00,1010.8,1011.1498285925943,1008.8110420101364,Normal,Normal,Normal
29/01/2019 20:40:00,1010.9,1010.841086996415,1008.771330624171,Normal,Normal,Normal
29/01/2019 20:50:00,1011.0,1010.9539936395023,1008.7787300043781,Normal,Normal,Normal
29/01/2019 21:00:00,1011.1,1011.0638215789736,1008.762104957648,Normal,Normal,Normal
29/01/2019 21:10:00,1011.0,1011.111963020379,1008.7729160332162,Normal,Normal,Normal
29/01/2019 21:20:00,1010.9,1010.990829452603,1008.7540696089197,Normal,Normal,Normal
29/01/2019 21:30:00,1010.6,1010.861675784283,1008.7523918517907,Normal,Normal,Normal
29/01/2019 21:40:00,1010.7,1010.5057294134018,1008.7419363179285,Normal,Normal,Normal
29/01/2019 21:50:00,1010.8,1010.6298101497841,1008.7557077941526,Normal,Normal,Normal
29/01/2019 22:00:00,1010.8,1010.7364365486204,1008.7565347955604,Normal,Normal,Normal
29/01/2019 22:10:00,1010.9,1010.7458386374432,1008.7697228112299,Normal,Normal,Normal
29/01/2019 22:20:00,1010.8,1010.8605188210487,1008.7628164582927,Normal,Normal,Normal
29/01/2019 22:30:00,1010.8,1010.7319576733578,1008.7596897252877,Normal,Normal,Normal
29/01/2019 22:40:00,1010.9,1010.7453757699227,1008.7615591299761,Normal,Normal,Normal
29/01/2019 22:50:00,1011.0,1010.8866898886422,1008.7604954161723,Normal,Normal,Normal
29/01/2019 23:00:00,1011.1,1010.9966788549607,1008.764035606109,Normal,Normal,Normal
29/01/2019 23:10:00,1011.2,1011.1443937301229,1008.7618002773304,Normal,Normal,Normal
29/01/2019 23:20:00,1011.3,1011.2395624116684,1008.7563805555035,Normal,Normal,Normal
29/01/2019 23:30:00,1011.3,1011.3401593173257,1008.7496189356823,Normal,Normal,Normal
29/01/2019 23:40:00,1011.4,1011.3540051964003,1008.7441625495483,Normal,Normal,Normal
29/01/2019 23:50:00,1011.5,1011.4508005364435,1008.739055791222,Normal,Normal,Normal
30/01/2019 00:00:00,1011.6,1011.5716811387463,1008.7324620087672,Normal,Normal,Normal
30/01/2019 00:10:00,1011.7,1011.6811745180859,1008.7302173034329,Normal,Normal,Normal
30/01/2019 00:20:00,1011.9,1011.7758233188375,1008.7220602215309,Normal,Normal,Normal
30/01/2019 00:30:00,1012.1,1011.9642146978256,1008.7160315581639,Normal,Normal,Normal
30/01/2019 00:40:00,1012.2,1012.1602653499251,1008.7077339080204,Normal,Normal,Normal
30/01/2019 00:50:00,1012.2,1012.2458195342764,1008.6996454385151,Normal,Normal,Normal
30/01/2019 01:00:00,1012.3,1012.2177495758586,1008.6862575703342,Normal,Normal,Normal
30/01/2019 01:10:00,1012.5,1012.2978855737368,1008.6764624727,Normal,Normal,Normal
30/01/2019 01:20:00,1012.6,1012.4895254638836,1008.6696889710654,Normal,Normal,Normal
30/01/2019 01:30:00,1012.6,1012.6044068106606,1008.6646805063863,Normal,Normal,Normal
30/01/2019 01:40:00,1012.7,1012.6151182116507,1008.6544390761335,Normal,Normal,Normal
30/01/2019 01:50:00,1012.8,1012.7025108158084,1008.6433555123438,Normal,Normal,Normal
30/01/2019 02:00:00,1012.8,1012.7985685636978,1008.6364370279987,Normal,Normal,Normal
30/01/2019 02:10:00,1012.7,1012.7830216581257,1008.6330156748224,Normal,Normal,Normal
30/01/2019 02:20:00,1012.6,1012.6679751146065,1008.6248255440075,Normal,Normal,Normal
30/01/2019 02:30:00,1012.6,1012.5603220568444,1008.6192325011868,Normal,Normal,Normal
30/01/2019 02:40:00,1012.5,1012.5188824447969,1008.619476714455,Normal,Normal,Normal
30/01/2019 02:50:00,1012.5,1012.4152472758603,1008.6223032970954,Normal,Normal,Normal
30/01/2019 03:00:00,1012.4,1012.3829816284308,1008.6264189139981,Normal,Normal,Normal
30/01/2019 03:10:00,1012.4,1012.3176533848916,1008.6250687626232,Normal,Normal,Normal
30/01/2019 03:20:00,1012.3,1012.2977408709082,1008.6319765646983,Normal,Normal,Normal
30/01/2019 03:30:00,1012.3,1012.212264417686,1008.6316171971191,Normal,Normal,Normal
30/01/2019 03:40:00,1012.2,1012.2067278517042,1008.6398004342843,Normal,Normal,Normal
30/01/2019 03:50:00,1012.2,1012.1542539298456,1008.6390083816875,Normal,Normal,Normal
30/01/2019 04:00:00,1012.2,1012.1516573933689,1008.647729276963,Normal,Normal,Normal
30/01/2019 04:10:00,1012.1,1012.1501971823974,1008.6472130225081,Normal,Normal,Normal
30/01/2019 04:20:00,1012.0,1012.0790247909899,1008.6537378442515,Normal,Normal,Normal
30/01/2019 04:30:00,1012.0,1011.9588510513759,1008.6538296856959,Normal,Normal,Normal
30/01/2019 04:40:00,1011.9,1011.9359735394975,1008.6579103984911,Normal,Normal,Normal
30/01/2019 04:50:00,1011.8,1011.8468534187016,1008.6621983063449,Normal,Normal,Normal
30/01/2019 05:00:00,1011.7,1011.7317506705231,1008.6687908985693,Normal,Normal,Normal
30/01/2019 05:10:00,1011.6,1011.6021081914696,1008.6698519972194,Normal,Normal,Normal
30/01/2019 05:20:00,1011.5,1011.5020979324837,1008.6769853097428,Normal,Normal,Normal
30/01/2019 05:30:00,1011.3,1011.3940089844808,1008.6834089917172,Normal,Normal,Normal
30/01/2019 05:40:00,1011.1,1011.1829435983761,1008.6897781745572,Normal,Normal,Normal
30/01/2019 05:50:00,1011.0,1010.9770401088441,1008.6969666642178,Normal,Normal,Normal
30/01/2019 06:00:00,1010.8,1010.8847650143911,1008.7063262512017,Normal,Normal,Normal
30/01/2019 06:10:00,1010.6,1010.707724262911,1008.7177914989222,Normal,Normal,Normal
30/01/2019 06:20:00,1010.5,1010.5146340497341,1008.7303383045871,Normal,Normal,Normal
30/01/2019 06:30:00,1010.2,1010.4094992606812,1008.7397290312726,Normal,Normal,Normal
30/01/2019 06:40:00,1010.0,1010.1138658329803,1008.7517603964586,Normal,Normal,Normal
30/01/2019 06:50:00,1009.8,1009.9169912931497,1008.7670019001741,Normal,Normal,Normal
30/01/2019 07:00:00,1009.6,1009.7150115471475,1008.7769295846153,Normal,Normal,Normal
30/01/2019 07:10:00,1009.4,1009.5071389673658,1008.7963112679352,Normal,Normal,Normal
30/01/2019 07:20:00,1009.3,1009.3168420474619,1008.8100245290477,Normal,Normal,Normal
30/01/2019 07:30:00,1009.3,1009.2020012772289,1008.8260824115057,Normal,Normal,Normal
30/01/2019 07:40:00,1009.2,1009.1917986042868,1008.8398740769405,Normal,Normal,Normal
30/01/2019 07:50:00,1009.1,1009.1078930766578,1008.8536349733401,Normal,Normal,Normal
30/01/2019 08:00:00,1008.9,1009.0035544393874,1008.8620347895701,Normal,Normal,Normal
30/01/2019 08:10:00,1008.8,1008.7987069707232,1008.8666993428994,Normal,Normal,Normal
30/01/2019 08:20:00,1008.7,1008.6936103568917,1008.8778487698216,Normal,Normal,Normal
30/01/2019 08:30:00,1008.7,1008.5936198150644,1008.8862134398003,Normal,Normal,Normal
30/01/2019 08:40:00,1008.6,1008.6099755336121,1008.8995276813437,Normal,Normal,Normal
30/01/2019 08:50:00,1008.6,1008.517141636132,1008.9041622926522,Normal,Normal,Normal
30/01/2019 09:00:00,1008.5,1008.5367190896613,1008.9130751018454,Normal,Normal,Normal
30/01/2019 09:10:00,1008.5,1008.4342805791817,1008.9138551701833,Normal,Normal,Normal
30/01/2019 09:20:00,1008.4,1008.4525147273075,1008.9236375850667,Normal,Normal,Normal
30/01/2019 09:30:00,1008.3,1008.3500687363345,1008.9238675640006,Normal,Normal,Normal
30/01/2019 09:40:00,1008.3,1008.24440176099,1008.9321931687225,Normal,Normal,Normal
30/01/2019 09:50:00,1008.4,1008.2526589637446,1008.9336022970308,Normal,Normal,Normal
30/01/2019 10:00:00,1008.4,1008.3915593803639,1008.9417128910352,Normal,Normal,Normal
30/01/2019 10:10:00,1008.6,1008.4095781067022,1008.9443331540604,Normal,Normal,Normal
30/01/2019 10:20:00,1008.6,1008.6570872159672,1008.947217774861,Normal,Normal,Normal
30/01/2019 10:30:00,1008.8,1008.6663726651313,1008.9400619355072,Normal,Normal,Normal
30/01/2019 10:40:00,1009.0,1008.8927857965211,1008.9432681606193,Normal,Normal,Normal
30/01/2019 10:50:00,1009.0,1009.1148083402403,1008.932147567444,Normal,Normal,Normal
30/01/2019 11:00:00,1009.3,1009.1005999659856,1008.9302522850264,Normal,Normal,Normal
30/01/2019 11:10:00,1009.4,1009.4053430328155,1008.9198727843393,Normal,Normal,Normal
30/01/2019 11:20:00,1009.5,1009.5119548132626,1008.9076585316141,Normal,Normal,Normal
30/01/2019 11:30:00,1009.8,1009.6005969393339,1008.9031966098626,Normal,Normal,Normal
30/01/2019 11:40:00,1010.1,1009.900692035144,1008.8875596926589,Normal,Normal,Normal
30/01/2019 11:50:00,1010.2,1010.1955939309071,1008.8787632615347,Normal,Normal,Normal
30/01/2019 12:00:00,1010.4,1010.2940984360345,1008.8656524990727,Normal,Normal,Normal
30/01/2019 12:10:00,1010.5,1010.5013965722356,1008.8494728219737,Normal,Normal,Normal
30/01/2019 12:20:00,1010.5,1010.59933749962,1008.8291998256971,Normal,Normal,Normal
30/01/2019 12:30:00,1010.7,1010.6112178083748,1008.8211434234906,Normal,Normal,Normal
30/01/2019 12:40:00,1010.9,1010.8170817619866,1008.8084672403563,Normal,Normal,Normal
30/01/2019 12:50:00,1011.0,1010.9975435343455,1008.7986116197933,Normal,Normal,Normal
30/01/2019 13:00:00,1011.2,1011.1020768985377,1008.7913912509609,Normal,Normal,Normal
30/01/2019 13:10:00,1011.3,1011.315416816698,1008.7782304410864,Normal,Normal,Normal
30/01/2019 13:20:00,1011.5,1011.3969502837698,1008.7638164212037,Normal,Normal,Normal
30/01/2019 13:30:00,1011.7,1011.6051599657026,1008.7567899686326,Normal,Normal,Normal
30/01/2019 13:40:00,1011.8,1011.8002561666087,1008.7434870985378,Normal,Normal,Normal
30/01/2019 13:50:00,1011.8,1011.883057180757,1008.7335929994513,Normal,Normal,Normal
30/01/2019 14:00:00,1011.9,1011.8852780340595,1008.7189264719416,Normal,Normal,Normal
30/01/2019 14:10:00,1012.0,1011.95793833693,1008.7083768279333,Normal,Normal,Normal
30/01/2019 14:20:00,1012.1,1012.048000946363,1008.699354990669,Normal,Normal,Normal
30/01/2019 14:30:00,1012.1,1012.1435713106204,1008.6959766478319,Normal,Normal,Normal
30/01/2019 14:40:00,1012.3,1012.1232673838144,1008.6855288160075,Normal,Normal,Normal
30/01/2019 14:50:00,1012.4,1012.3081720213976,1008.6799890429754,Normal,Normal,Normal
30/01/2019 15:00:00,1012.5,1012.4374708698143,1008.6709156588693,Normal,Normal,Normal
30/01/2019 15:10:00,1012.6,1012.5336679381304,1008.6687743359287,Normal,Normal,Normal
30/01/2019 15:20:00,1012.7,1012.611481112594,1008.6556381260086,Normal,Normal,Normal
30/01/2019 15:30:00,1012.7,1012.7188414686667,1008.649983332776,Normal,Normal,Normal
30/01/2019 15:40:00,1012.7,1012.729808449279,1008.6410189655651,Normal,Normal,Normal
30/01/2019 15:50:00,1012.6,1012.7016165464184,1008.6354295865674,Normal,Normal,Normal
30/01/2019 16:00:00,1012.5,1012.606065580293,1008.626987801217,Normal,Normal,Normal
30/01/2019 16:10:00,1012.5,1012.5018479052859,1008.6267142512877,Normal,Normal,Normal
30/01/2019 16:20:00,1012.5,1012.4536036291993,1008.6257386387367,Normal,Normal,Normal
30/01/2019 16:30:00,1012.5,1012.4444355504467,1008.6293228224893,Normal,Normal,Normal
30/01/2019 16:40:00,1012.4,1012.4398511295237,1008.6320920170326,Normal,Normal,Normal
30/01/2019 16:50:00,1012.4,1012.3529400622687,1008.6312631082762,Normal,Normal,Normal
30/01/2019 17:00:00,1012.1,1012.3247045596677,1008.6331909739454,Normal,Normal,Normal
30/01/2019 17:10:00,1012.0,1012.0859027352029,1008.6325150051196,Normal,Normal,Normal
30/01/2019 17:20:00,1011.8,1011.925481948219,1008.6422310781707,Normal,Normal,Normal
30/01/2019 17:30:00,1011.7,1011.7156533067975,1008.6426396512468,Normal,Normal,Normal
30/01/2019 17:40:00,1011.7,1011.5993809081377,1008.6609523662407,Normal,Normal,Normal
30/01/2019 17:50:00,1011.7,1011.575573894763,1008.6658384309192,Normal,Normal,Normal
30/01/2019 18:00:00,1011.8,1011.5757988850165,1008.6786469494034,Normal,Normal,Normal
30/01/2019 18:10:00,1011.8,1011.6687862547794,1008.6836975396652,Normal,Normal,Normal
30/01/2019 18:20:00,1011.8,1011.677766889205,1008.6870307673742,Normal,Normal,Normal
30/01/2019 18:30:00,1011.8,1011.6743568130557,1008.6884756119032,Normal,Normal,Normal
30/01/2019 18:40:00,1011.8,1011.7129902965837,1008.6870810140897,Normal,Normal,Normal
30/01/2019 18:50:00,1011.7,1011.7280999388468,1008.6890414183069,Normal,Normal,Normal
30/01/2019 19:00:00,1011.6,1011.6482323934239,1008.6882653788705,Normal,Normal,Normal
30/01/2019 19:10:00,1011.4,1011.5249196623694,1008.689465062045,Normal,Normal,Normal
30/01/2019 19:20:00,1011.3,1011.2939569001171,1008.6886608351995,Normal,Normal,Normal
30/01/2019 19:30:00,1011.2,1011.1774753505412,1008.6961724602659,Normal,Normal,Normal
30/01/2019 19:40:00,1011.3,1011.0856421086132,1008.7012035355945,Normal,Normal,Normal
30/01/2019 19:50:00,1011.2,1011.2043479086502,1008.7134725333233,Normal,Normal,Normal
30/01/2019 20:00:00,1011.0,1011.128994927635,1008.7158822373528,Normal,Normal,Normal
30/01/2019 20:10:00,1010.9,1010.9049936047917,1008.7227920417715,Normal,Normal,Normal
30/01/2019 20:20:00,1011.0,1010.7855496309631,1008.7217335992534,Normal,Normal,Normal
30/01/2019 20:30:00,1011.0,1010.8991791536808,1008.7332669620444,Normal,Normal,Normal
30/01/2019 20:40:00,1011.2,1010.9332969674582,1008.7415912182112,Normal,Normal,Normal
30/01/2019 20:50:00,1011.0,1011.1559685515516,1008.7489434958477,Normal,Normal,Normal
30/01/2019 21:00:00,1011.0,1010.9360856091081,1008.739832305633,Normal,Normal,Normal
30/01/2019 21:10:00,1011.0,1010.9304001881661,1008.7456392527599,Normal,Normal,Normal
30/01/2019 21:20:00,1011.1,1010.9434194296794,1008.737339505278,Normal,Normal,Normal
30/01/2019 21:30:00,1011.2,1011.0664135583673,1008.7502993338783,Normal,Normal,Normal
30/01/2019 21:40:00,1011.1,1011.2180640145345,1008.7461648595561,Normal,Normal,Normal
30/01/2019 21:50:00,1011.2,1011.091079689736,1008.7458139390726,Normal,Normal,Normal
30/01/2019 22:00:00,1011.3,1011.1863354992847,1008.7403260705103,Normal,Normal,Normal
30/01/2019 22:10:00,1011.3,1011.3141878639436,1008.7380359874148,Normal,Normal,Normal
30/01/2019 22:20:00,1011.3,1011.306773402682,1008.7399349820842,Normal,Normal,Normal
30/01/2019 22:30:00,1011.3,1011.3268492608477,1008.7342320581008,Normal,Normal,Normal
30/01/2019 22:40:00,1011.4,1011.3052842271308,1008.7296359774698,Normal,Normal,Normal
30/01/2019 22:50:00,1011.5,1011.4238223750452,1008.7291846864898,Normal,Normal,Normal
30/01/2019 23:00:00,1011.6,1011.540049783305,1008.7283816498746,Normal,Normal,Normal
30/01/2019 23:10:00,1011.7,1011.6333520209209,1008.725625605606,Normal,Normal,Normal
30/01/2019 23:20:00,1011.7,1011.746947963282,1008.7191384037067,Normal,Normal,Normal
30/01/2019 23:30:00,1011.8,1011.7366300387982,1008.7129188173492,Normal,Normal,Normal
30/01/2019 23:40:00,1012.0,1011.824101927537,1008.7079725836445,Normal,Normal,Normal
30/01/2019 23:50:00,1012.1,1012.0333526976065,1008.7027965628583,Normal,Normal,Normal
